{
  "name": "DotNetCoreWithReact",
  "version": "0.1.0",
  "private": true,
  "scripts": {
    "clean": "rimraf dist/",
    "build": "react-app-rewired build",
    "lint": "eslint ./src",
    "lint-fix": "eslint ./src --fix",
    "lint-sass": "sass-lint -c .sass-lint.yml 'src/styles/**/*.scss' -v -q",
    "posttest": "npm run lint",
    "serve:dist": "webpack-dev-server --open --env dist -p --progress",
    "start": "react-app-rewired start webpack-dev-server eslint ./src",
    "eject": "react-app-rewired eject"
  },
  "dependencies": {
    "@fullcalendar/core": "^4.0.2",
    "@fullcalendar/daygrid": "^4.0.1",
    "@fullcalendar/react": "^4.0.2-beta",
    "@material-ui/core": "^3.9.3",
    "@material-ui/icons": "^2.0.1",
    "@tweenjs/tween.js": "^16.6.0",
    "autosuggest-highlight": "^3.1.1",
    "babel-runtime": "^6.26.0",
    "bootstrap": "^3.3.7",
    "css-loader": "^2.1.1",
    "lodash": "^4.17.10",
    "material-ui-chip-input": "^1.0.0-beta.6",
    "moment": "^2.22.2",
    "node-sass": "^4.12.0",
    "prop-types": "^15.6.2",
    "react": "^16.3.0",
    "react-bootstrap": "^0.31.5",
    "react-dom": "^16.0.0",
    "react-hot-loader": "^3.0.0-beta.6",
    "react-router-bootstrap": "^0.24.4",
    "react-router-dom": "^4.2.2",
    "react-scripts": "1.0.17",
    "react-tooltip": "^3.8.4",
    "rimraf": "^2.6.2",
    "sass-loader": "^7.1.0",
    "url-loader": "^1.1.2"
  },
  "devDependencies": {
    "babel-plugin-import": "^1.11.0",
    "react-app-rewire-aliases": "^0.2.0",
    "react-app-rewire-eslint": "^0.2.3",
    "react-app-rewired": "^2.0.2"
  },

  "engines": {
    "node": ">=6.9.0",
    "npm": ">= 3"
  }
}
